kappa_os,gamma1_os,gamma2_os,omega_os,kappa_od,gamma1_od,gamma2_od,omega_od,kappa_ds,gamma1_ds,gamma2_ds,omega_ds,kappa_los,gamma1_los,gamma2_los,omega_los,R_sersic_bar,n_sersic_bar,k_eff_bar,e1_bar,e2_bar,x_bar,y_bar,mass_bar,Rs,alpha_Rs,x_nfw,y_nfw,e1_nfw,e2_nfw,virial_mass_nfw,magnitude_sl,R_sersic_sl,n_sersic_sl,x_sl,y_sl,e1_sl,e2_sl,R_sersic_ll,n_sersic_ll,e1_ll,e2_ll,x_ll,y_ll,magnitude_ll,theta_E
0,0.004326743855885095,0.008723898391297386,0,0,-0.01359916702320847,-0.008157602732524853,0,0,0.016084289214927893,0.003752664697117062,0,0,-0.02535671238225127,-0.0031863690383445295,-0.0002970743282088113,0.43090426034941165,2.8090847230166087,0.07732452827960228,-0.051319370986877916,0.15197151210489054,0.0,0.0,86994057122.49062,2.7072288404817986,1.0369160517121525,-0.05321731219830124,-0.04647058992617424,-0.020041712213532657,0.034851711134100814,5569775667347.923,24.38584207263104,0.2393049839721718,2.8369703317919557,0.1590726305748211,-0.13285252242190168,0.014823323495050706,0.1641432789051173,0.43090426034941165,2.8090847230166087,-0.051319370986877916,0.15197151210489054,0.0,0.0,20.810922510073098,1.1410654012020554
0,0.013167341036073211,0.020800393541634814,0,0,0.006267831779787912,0.012703191925534115,0,0,-0.01630252979027642,-0.004044830222920499,0,0,0.03573770260613754,0.03754841569008943,6.506386642966109e-05,0.3155493226696898,4.039729346389889,0.10761205819032602,-0.12488045250058691,-0.032288008900763755,0.0,0.0,58551501409.63033,2.326372762348858,0.5915410473000551,0.026823200138746724,0.018932106621195235,-0.0032167179369136864,0.06681410274424619,2002569300572.691,25.253066517164275,0.22301888065592582,2.9941375307229556,-0.17717905312766946,-0.02112281816716295,0.0273875243302349,0.03441163251901169,0.3155493226696898,4.039729346389889,-0.12488045250058691,-0.032288008900763755,0.0,0.0,20.811362476544918,0.8625873975674054
0,-0.007308116888400416,0.012173964788572132,0,0,0.010007591999231671,0.006015529323635215,0,0,0.01843982351837568,-0.004664717557664067,0,0,-0.015740348407544423,0.022854211669871415,0.000138047906375966,0.22719213459374002,3.821658097041786,0.15643268467633406,-0.11878303023287569,-0.05893478044911756,0.0,0.0,41743990040.85555,2.0021651214718377,0.8510449994938135,-0.03427039356878334,-0.03187224076403439,-0.07144697556922873,-0.07644596760545906,2716421906488.17,24.95175140872951,0.2702192198354273,4.530378430599605,-0.12941587015185038,0.09549641428018954,-0.05219921068179305,-0.01161799290874054,0.22719213459374002,3.821658097041786,-0.11878303023287569,-0.05893478044911756,0.0,0.0,21.132043744253036,0.952181413046462
0,-0.005430782494236975,-0.007358859167431093,0,0,0.011683318924044917,0.008499126220501736,0,0,0.004895719760338058,-0.02206767674169797,0,0,0.0013568166694698843,0.02320794379476861,0.00041937774818797253,0.27281500155484,5.065873044094471,0.10206686430824215,0.06972231801033141,-0.03460285653731307,0.0,0.0,56363399964.63998,2.1017236221956224,1.2396535678805944,-0.0796290286982719,-0.07760391830559751,-0.11759573859290177,-0.04237964427137013,5201800683463.395,26.48907496847128,0.13762445393568115,4.467832562368358,-0.19181885909733165,-0.09378610745422447,0.0642780394380776,0.050499315935787506,0.27281500155484,5.065873044094471,0.06972231801033141,-0.03460285653731307,0.0,0.0,21.41068657584466,1.205921974479752
0,0.017805565942987926,-0.016701104835188735,0,0,-0.011564761419240307,-0.013582857783908652,0,0,-0.00971858067119809,0.011373242705683573,0,0,0.01595938519494571,-0.04165720532478096,0.0007244816813497346,0.30227675651316427,4.1214221114836125,0.08826154780372385,0.15646565097597864,0.02493676391803184,0.0,0.0,61840435134.69214,2.1402960063503467,1.0771708915397378,-0.0015307122812124375,0.04679622657695397,0.006979873460645881,0.010952150535533323,5258297121789.295,24.737344636573127,0.19558234155407922,3.095851645214542,-0.006307510900808733,0.20426459882889494,0.14535836367066746,0.03178608148963562,0.30227675651316427,4.1214221114836125,0.15646565097597864,0.02493676391803184,0.0,0.0,21.25464281310483,1.084086521644285
0,0.019447067851055475,0.012286153712117755,0,0,-0.011319750305528816,0.01018881360377831,0,0,-0.009707727021863231,0.014869521098208131,0,0,0.01783504456738989,0.007605446217687934,0.0001379084712325562,0.40298755579534534,4.007708880603882,0.08275401723597135,0.025806601819395866,0.07258857801161814,0.0,0.0,73612885943.47487,2.819705065670971,0.8133381713791478,-0.09772522826614374,0.08101891695676842,0.0042273601716692,-0.005431817485734418,3360424601271.3877,25.503021615366837,0.17009484063621375,5.400145814308248,-0.09822997807855526,0.12364127213375525,0.025970180733269982,-0.17203920990078977,0.40298755579534534,4.007708880603882,0.025806601819395866,0.07258857801161814,0.0,0.0,20.48867827774069,1.0388560692389754
0,-0.0003560528612503062,-0.01533796772340595,0,0,0.01509760704796634,-0.006161490610704974,0,0,0.005784281027723141,0.006626718939621204,0,0,0.008957273158992893,-0.02812617727373213,-0.00028637900002089015,0.2385250672408774,3.1884919198405672,0.1645703711161131,-0.06362660732255394,-0.03157666694203863,0.0,0.0,41011804526.297295,2.672650185794214,0.5244909383667913,-0.07991605292625935,-0.04717760441379173,0.027438790933363866,0.0009569473240240314,1762360306990.6575,24.95803589504846,0.22306427296873632,4.79430204086995,-0.23873859703580239,-0.1577409348386797,-0.008712499385212026,-0.1723474021390206,0.2385250672408774,3.1884919198405672,-0.06362660732255394,-0.03157666694203863,0.0,0.0,20.850552883519732,0.7215297464043473
0,-0.006586433562859808,0.008502784444548056,0,0,-0.014197994420041115,0.014939410551954281,0,0,0.005968572910650277,0.005980338571756727,0,0,-0.026753000893551197,0.01746185642474561,6.235198571911721e-05,0.26922948348669773,2.392705902407437,0.15092689386237815,-0.020028290004342916,-0.0018770557467843844,0.0,0.0,53477802434.10482,2.1730935172545314,0.9594680762093761,-0.0174222074690078,0.0234697012755558,-0.00207934133229281,0.0413281590034824,3794164747617.717,24.788265810477117,0.27089700235139247,3.3320880580581727,-0.07496993122081319,0.1350695858738798,-0.01834560961695008,1.665074609327244e-05,0.26922948348669773,2.392705902407437,-0.020028290004342916,-0.0018770557467843844,0.0,0.0,21.25189905044892,1.0247573819449196
0,0.0027543622320838888,0.02405775647346778,0,0,-0.0017015055914713583,-0.0067523309919188985,0,0,-0.00941641591650371,-0.0014838158380595804,0,0,0.01046927255711624,0.01878924131960846,0.00025632230208277185,0.2751588022265954,5.4477495939820235,0.10229796083764188,0.08937223483097333,-0.02298141963825392,0.0,0.0,47478805680.4711,2.25881519136607,0.9481396924002384,0.04761897316790074,-0.044991534392355086,-0.08443336653665855,0.12153897494929741,3474614781353.101,25.584813024084895,0.12638996474387115,4.4656573548468765,0.01807273683091858,-0.10398082796422342,0.16661658535483287,0.05143120101341569,0.2751588022265954,5.4477495939820235,0.08937223483097333,-0.02298141963825392,0.0,0.0,20.707081053594056,1.0249033194087855
0,-0.005642040793264294,-0.0023940973274858327,0,0,0.022394308942945126,0.006149741420149681,0,0,-0.021938482325372002,0.0009464372519442449,0,0,0.03869075047505283,0.002809206840719603,-0.00022299853717468637,0.11913656288284563,3.7144961444107865,0.26370448031227406,-0.052409443498539085,-0.07535560827432972,0.0,0.0,23364290214.50737,1.7479795612673803,0.42813166466731634,-0.009887195376187277,0.041509638167933155,0.0800518738580865,0.08677425790092048,1341707045279.8752,26.483918960278242,0.10016300322071045,4.212117057505447,0.08221341096672119,0.05856891714544557,-0.0020665716671054817,0.012609370167134024,0.11913656288284563,3.7144961444107865,-0.052409443498539085,-0.07535560827432972,0.0,0.0,22.08405942651291,0.5193255938221336
0,0.018886578568322623,-0.003115052144513607,0,0,0.003295125917112231,0.017700234050144197,0,0,0.0041996472743231926,0.002805721092309488,0,0,0.017982057211111662,0.011779460813321103,-0.00021520127190284514,0.31981779909384095,3.499687483966761,0.09844876450122318,-0.02257294275372544,0.07061998677204648,0.0,0.0,66115853703.21948,2.2747987574419537,0.7715218757893565,0.03852967503133786,0.05566053864839944,-0.031104100219248705,0.15527607775772756,3348421442949.7925,25.28928640565487,0.19746867409056754,2.8701770595701994,0.22822062614384034,0.07877968893528275,-0.14574798244562978,0.00035827464875784286,0.31981779909384095,3.499687483966761,-0.02257294275372544,0.07061998677204648,0.0,0.0,21.241012556518196,0.9331740930203477
0,0.005056648836406614,-0.0046455131411027315,0,0,-0.020934610716055506,0.013477571659596324,0,0,-0.010967769164569683,2.976724976963824e-05,0,0,-0.004910192715079208,0.008802291268723953,-0.0001652507182504504,0.36378375120336076,2.936819811868911,0.10824956997982686,-0.02286867021065866,-0.08717468233892733,0.0,0.0,71086018690.40134,2.00739407863077,1.4241940555137824,0.014725864055569523,0.00362109421603392,0.12776324280411572,0.01871887459974382,5246267429384.226,27.49957779723947,0.09706944077897182,4.1760720115057826,0.07933078586570043,-0.05585973682815416,-0.009882007216155272,0.02140469792453318,0.36378375120336076,2.936819811868911,-0.02286867021065866,-0.08717468233892733,0.0,0.0,20.857329027287435,1.5116720490995683
0,0.002084093357430089,0.01083144581329802,0,0,0.005894890710859742,0.014440742905346091,0,0,0.005245832568896819,0.0018476745586881828,0,0,0.002733151499393011,0.023424514159955927,4.612953660436019e-05,0.3317207703448928,3.629382548921953,0.10705811306439074,0.08198639633139944,-0.0700797140764695,0.0,0.0,56132727288.34955,3.3572741551360363,1.1221178927639017,0.011580282753430954,0.03488425800628288,0.0018575602463276662,0.003696972479848022,5207903480390.9,23.493408989616526,0.35398433475519625,3.406955616273494,0.01451229276617686,0.1088649588071065,0.03268186538662546,0.04249749366904382,0.3317207703448928,3.629382548921953,0.08198639633139944,-0.0700797140764695,0.0,0.0,20.440787237611286,1.0882671060792988
0,0.00989948031883607,-0.012301082825393666,0,0,0.022840987733583524,0.009425342953164696,0,0,0.009177886032746049,0.019621376187270903,0,0,0.023562582019673543,-0.022497116059499875,-0.000436611880605822,0.36975041431151906,5.036437839184107,0.08616503037176508,-0.07511287536558234,0.048512310145402915,0.0,0.0,61778201163.87192,3.787679295419126,1.238732694171343,0.06338827028970632,-0.009889203248343963,0.08529175879351773,0.08239476474254041,5919576604673.339,23.985033739883857,0.3352733676324226,2.519145613071391,0.28611304956452416,0.14031046511540923,-0.016519677032036457,0.05267028326280227,0.36975041431151906,5.036437839184107,-0.07511287536558234,0.048512310145402915,0.0,0.0,20.282634172201572,1.1758115661942332
0,-0.017913939428348832,0.001049930724028265,0,0,-0.023198574651697838,-0.00903074453116466,0,0,-0.016151614882827365,0.014538395902450927,0,0,-0.0249608991972193,-0.02251920970958732,5.1817842638197894e-05,0.3444283508363717,4.10088895400527,0.09548271894677508,0.03590402510999894,-0.01826685631239777,0.0,0.0,58473829832.591866,3.8598331194151685,0.8741475605538963,0.03305430302109263,-0.02686385123490114,-0.004388492792808984,-0.00871045133873703,4316606571905.671,23.15615557544886,0.39145551225714487,3.8715009793468558,0.1189295964209463,0.2954213861628017,0.08879214240081847,-0.06123071035850494,0.3444283508363717,4.10088895400527,0.03590402510999894,-0.01826685631239777,0.0,0.0,20.410456429820574,0.9322178731503448
0,0.0013915638088492078,-0.0020818380809754255,0,0,0.0022834319018848292,0.005250629644962794,0,0,-0.01702154636255363,0.00685940320878533,0,0,0.02069654207328767,-0.003690611644797962,-0.00013823542688641468,0.2924581222802769,3.468779572830603,0.1039063969985788,0.05389565717477659,-0.11875834324020772,0.0,0.0,57818761121.426636,2.3264302059405653,0.6313098301940604,0.054470397835204465,-0.07402919579366307,-0.15391971166964888,0.054710418978473875,2761985926754.11,24.834128909450534,0.18470675577602608,3.9390840117866777,0.12357621925737197,0.06900030322952283,-0.04728400880766067,-0.0004019727831831292,0.2924581222802769,3.468779572830603,0.05389565717477659,-0.11875834324020772,0.0,0.0,21.142307917168576,0.8020461587755596
0,0.010864242084883327,0.008116701835520001,0,0,-0.015053153629005988,0.005571889079095779,0,0,-0.004377942990625603,-0.005158820973846247,0,0,0.00018903144650294322,0.018847411888462028,-0.0003026149552410846,0.2578901014318443,3.096820477303666,0.1406614624521564,-0.04068421546362663,-0.03451850818142986,0.0,0.0,48020407801.87593,2.528999395960788,0.6804470913497611,-0.01520628196874141,-0.016161798352328848,-0.036320044038220624,-0.06002855286844372,2684471655124.2983,24.72555556602437,0.2244763898903266,5.395664652960821,0.09282025308096493,-0.06448305539898039,0.07454740248869103,0.13673170243186625,0.2578901014318443,3.096820477303666,-0.04068421546362663,-0.03451850818142986,0.0,0.0,21.04341166729943,0.8127592467325909
0,0.008163713113096131,-0.008670249686028572,0,0,0.006829749756695937,-0.008481655240728888,0,0,-0.006014292872103138,0.013833211079556906,0,0,0.021007755741895204,-0.030985116006314366,2.7013814457487266e-05,0.4291945654069037,2.759644077912862,0.09964675825851452,0.0420492699176799,-0.16469797433309682,0.0,0.0,75380854616.12183,3.3207093236566028,1.3386930591405095,0.028561168942189453,0.05046844798635304,0.008534905692013924,0.010060206486850999,6077326963223.059,26.11265365936214,0.15475527668435518,3.769108346180052,-0.10466417065663142,0.0662137986177982,0.0008582904573732099,0.0034921814591315267,0.4291945654069037,2.759644077912862,0.0420492699176799,-0.16469797433309682,0.0,0.0,20.283446583800842,1.3520788329324507
0,0.022078680829050863,-0.009354453835815521,0,0,-0.02154931081280429,0.00987061289856074,0,0,-0.003903331311146579,-0.017721920713325852,0,0,0.00443270132739315,0.018238079776071073,-0.0008575844154174367,0.35148354293397005,3.1790881768308057,0.10264737538649571,0.09284680324065954,0.13673316224514673,0.0,0.0,68429712982.61563,2.2205706118373207,0.8557182284594808,0.04418735369643576,0.014331118506730554,0.006094467206209772,-0.013248837471848915,3273753040735.825,26.59972637606169,0.11510070277163106,3.800506130476114,0.04919621573793201,-0.025891362573823695,0.0231115214834658,-0.11642766431507405,0.35148354293397005,3.1790881768308057,0.09284680324065954,0.13673316224514673,0.0,0.0,20.879726249973984,1.0598511328878688
0,0.0042469980081613476,0.00530138711075915,0,0,-0.02153642606849074,0.002238809927506396,0,0,0.023612282890931795,0.001857490343626976,0,0,-0.04090171095126119,0.00568270669463857,-0.00015535243033100538,0.3072799650832782,4.395895929735446,0.1011754212041955,0.00976867544444949,-0.11061970041709972,0.0,0.0,59371287810.1405,1.984047163969975,0.7433049567058693,-0.02955866009353947,0.03380203113017325,0.02347136348071259,0.026515538745308515,2548906467263.6343,25.194949258106092,0.2192273974640424,5.947498718183207,-0.0507825749172275,-0.16370420784322115,0.028852113072641863,0.030747500226336627,0.3072799650832782,4.395895929735446,0.00976867544444949,-0.11061970041709972,0.0,0.0,20.995212629598868,0.9672275417905505
0,-0.010672725010158667,-0.013863958802525278,0,0,-0.006824653904414372,0.016450136648132975,0,0,-0.013710265609974702,-0.007099171139077034,0,0,-0.003787113304598338,0.009685348984684731,-0.00011493276565447967,0.4429690611053889,3.052711787765224,0.09238287982383034,-0.10492269123892203,0.097684426400559,0.0,0.0,79565612518.30302,1.8959543590266141,1.7630054798723331,0.08469306202962994,-0.036771594404523,-0.06427416154825108,0.05038010623553367,5782093927467.945,25.347590446371417,0.24676993763989508,4.418234981202953,-0.10960243308653903,-0.10280772361119385,-0.02404820490582847,0.04585879172279327,0.4429690611053889,3.052711787765224,-0.10492269123892203,0.097684426400559,0.0,0.0,20.326280959961494,1.9166784653703641
0,0.019970096906780664,-0.0010244037261412475,0,0,-0.0051235478756372355,-0.02337788581534181,0,0,-0.008729389099583798,-0.0006199401511634666,0,0,0.023575938130727225,-0.02378234939031959,0.0006404523461892566,0.3127261759350221,3.752020143980213,0.10393553658845782,0.02218994343559731,-0.08442735660418375,0.0,0.0,61178129315.032555,2.314399438042206,1.1766910739642629,0.00858717911591517,-0.05034041248436967,-0.10151353070394846,-0.01332587604802302,5042837371700.775,23.354903612048393,0.4761406892171252,3.9954789302384834,0.36829169995992,-0.009302374375274668,-0.07563279650006464,0.1364843800947582,0.3127261759350221,3.752020143980213,0.02218994343559731,-0.08442735660418375,0.0,0.0,21.02613367698411,1.1918079428420518
0,0.021661862122908427,-0.0006232786287003215,0,0,0.002083839172092973,0.015040242523849901,0,0,-0.01583459196276866,0.01680555602799075,0,0,0.03958029325777006,-0.0023885921328411705,-0.00023842648489225807,0.48533275058270997,3.8317528272712256,0.07307064923358554,-0.04145320816013803,0.009373855849496755,0.0,0.0,86034572307.89853,2.5477448970335512,0.7477117550064905,-0.05564914725395434,0.03400176812676179,-0.13174123268090268,-0.06949417263718943,2685259855158.619,26.735111884943336,0.10297075725899847,2.850695404098391,-0.14118799764246254,0.0012676197141898646,-0.05965155297810746,0.10230040345441897,0.48533275058270997,3.8317528272712256,-0.04145320816013803,0.009373855849496755,0.0,0.0,20.18152813981222,1.1148033276105285
0,-0.003307434447603368,-0.005519116100008799,0,0,-0.010753659871220667,0.012017088801692121,0,0,-0.02133272777013023,-0.011549088049439084,0,0,0.007271633451306193,0.018047060751122404,-0.0003460286703474543,0.333043295983186,4.879197033796021,0.09454402109989751,0.0417931561606376,0.09095371974674377,0.0,0.0,59086527442.10992,2.6216034345048365,1.3200743286275516,0.013973953124967738,0.06290863750728883,0.11046542861806127,-0.033280832391964395,5349438660152.688,24.807171494702658,0.24859697278548876,5.118279749260297,-0.0690232049921412,0.19750069505802612,-0.1471887014800464,-0.09584667681242039,0.333043295983186,4.879197033796021,0.0417931561606376,0.09095371974674377,0.0,0.0,20.59317312514725,1.3000445133723422
0,-0.008309903236736596,0.017198256737140705,0,0,0.007398953464605106,-0.00374983286527175,0,0,-0.016027740592320865,0.007503840644503896,0,0,0.015116790820189374,0.005944583227365059,0.0003041182366090214,0.23573689537894743,3.199793543492272,0.1445501622287023,0.007231248645263406,0.0017681055999128998,0.0,0.0,45845724564.91708,2.0114724014843586,0.7529550683011254,-0.008644288929782142,0.004975265102402309,0.09218804101923055,0.04530414985099399,2813195581069.344,24.435940643739418,0.25692980441488283,4.864801795124214,0.18737281003617529,0.10296325911785607,0.10516933718341377,-0.0891157335854893,0.23573689537894743,3.199793543492272,0.007231248645263406,0.0017681055999128998,0.0,0.0,21.309067405249376,0.8610280823718274
0,-0.020349804514007495,0.006946376421752567,0,0,-0.0042991903777457735,0.023883664818699146,0,0,-0.009316550615517097,-0.02133875887091117,0,0,-0.015332444276236172,0.05216880011136288,0.0006288096190083004,0.5964884031972613,3.341437448704389,0.06368608086742715,-0.017114806789559685,0.010843967283373323,0.0,0.0,112243078142.83556,3.0422915943173154,0.8903693188656339,-0.014701017709732797,-0.0169178939641757,0.0038851931399256938,0.03905930963734059,3774064947695.276,24.804716000705238,0.323994827901498,3.581847340163485,0.0032837065952783535,0.27449974432534063,0.04921912623848236,-0.08435428411540435,0.5964884031972613,3.341437448704389,-0.017114806789559685,0.010843967283373323,0.0,0.0,20.17242737321231,1.2577030659640442
0,0.005177888622228772,0.009126072359407829,0,0,0.0002933507802989982,1.2900235077386745e-06,0,0,0.02351007136780338,0.003337420210844653,0,0,-0.018038831965275608,0.005789942172070914,-0.00020507928881811961,0.5283665487724231,4.818779570750029,0.059044001310406234,0.0836175629402939,-0.07451115825809276,0.0,0.0,89079395636.7805,3.180461576535458,1.3177026304791954,-0.02257455066266809,0.008150561059524027,-0.008129461356943538,-0.040784553227678357,6013718042385.975,23.883882066251637,0.30077740710498874,4.234591214286973,0.04807229299943079,-0.2759570548075018,0.0645523470807849,-0.02802812795415718,0.5283665487724231,4.818779570750029,0.0836175629402939,-0.07451115825809276,0.0,0.0,19.923605497570218,1.438462269384404
0,-0.020087038798380807,-0.003328602989599929,0,0,-0.014587104100900826,0.00995412070913955,0,0,0.007311174507196256,-0.0021637850362969447,0,0,-0.04198531740647789,0.008789302755836566,0.0003628003767444207,0.19747976651013177,2.949291298573549,0.19541415244486887,-0.1046282302847824,0.016055795165688995,0.0,0.0,39347100672.15781,3.3091406415003815,0.735318149147527,0.015357885177686954,-0.04810223292497461,0.01018462490963165,-0.01351056202888061,3389349760782.121,23.875158249081107,0.515374678272457,3.2170378749017146,-0.3159450998107512,-0.3259256056683678,0.03178411259689721,-0.15036532128334482,0.19747976651013177,2.949291298573549,-0.1046282302847824,0.016055795165688995,0.0,0.0,21.601428069084122,0.7170275584872652
0,0.016938492821497838,-0.012927364071901959,0,0,-0.006198815144173233,-0.022522208344138372,0,0,0.012371938243335377,0.017945743098890066,0,0,-0.0016322605660107712,-0.0533953155149304,0.0007769926173622499,0.4108112736731272,3.60365058671991,0.08538473967438721,-0.12948062613074582,0.11474918748914288,0.0,0.0,79001133444.56532,3.0465013310759366,1.164881653818438,-0.019813600983979936,-0.011863313348887532,-0.12966973944692653,-0.10658259148315508,5524002282619.222,25.030103507722696,0.2580272312414124,4.129251751503425,-0.1494790718532194,-0.15881285343626889,-0.007487837431008587,-0.07607318978345631,0.4108112736731272,3.60365058671991,-0.12948062613074582,0.11474918748914288,0.0,0.0,20.66123435848831,1.2303958254598466
0,-0.011829326093620607,0.008583238319089302,0,0,-0.016662622560449588,0.0130631227134006,0,0,0.015812894875776824,0.015531731904176454,0,0,-0.044304843529847024,0.006114629128313448,0.00016247671636945534,0.5053440656014466,2.8843805788870207,0.07839136539273808,-0.15817911333782217,-0.0741593355643818,0.0,0.0,85469088990.79294,3.2860984484219937,1.4544394121198052,-0.06480974509976413,0.014952626024403675,0.0024407614605169384,0.01173181049881213,6974265925973.498,25.604095820034857,0.13342272763175642,3.5455853522605807,-0.027540641784173293,0.029598879125006465,0.0037030536411885116,-0.010021241159802298,0.5053440656014466,2.8843805788870207,-0.15817911333782217,-0.0741593355643818,0.0,0.0,19.982118294518635,1.4787704571909654
0,-0.008289710103513103,0.008679262402505017,0,0,0.004885231200363043,0.008902864245485866,0,0,-0.0028558322181926475,-0.016722060022564687,0,0,-0.0005486466849574123,0.03430418667055557,0.00033387290413894576,0.4853518145041484,3.4585985135696626,0.08304827516765062,0.006065900840924465,0.004484031382869463,0.0,0.0,82930461102.59412,2.7786755377747183,1.143298328997431,-0.024652977361106866,0.02128959465425387,-0.02397404404364208,0.04516145963971593,4192471507142.9976,26.27160155395012,0.17541437382407488,3.8105256302790096,0.11071804826138108,0.032721571552592144,-0.006182668178298505,0.007489289030412595,0.4853518145041484,3.4585985135696626,0.006065900840924465,0.004484031382869463,0.0,0.0,20.058850516229455,1.385678166870488
0,0.008178914310936803,0.010866874387285903,0,0,-0.009470991559760807,-0.005424661152648166,0,0,-0.02399664027831983,-0.0012348027230958882,0,0,0.022704563029495826,0.006677015957733626,0.00029620868274143794,0.3891728300167822,7.492551172762705,0.05686506104252669,-0.031545050527693574,0.022388400687412855,0.0,0.0,72732994958.35208,2.624465676174828,1.1237591883514837,0.06721565294358138,-0.008526408886589858,0.040822806189333184,-0.04184674694272835,5376578578338.896,23.571590569220312,0.31737109076014386,5.6822318663341695,-0.12114516962177747,0.043120340103016894,-0.037305739499503214,0.14812302065903643,0.3891728300167822,7.492551172762705,-0.031545050527693574,0.022388400687412855,0.0,0.0,20.610356215088842,1.1878022395489842
0,-0.005831314199401228,0.01551766093930253,0,0,0.015495764820348945,-0.014577229954185306,0,0,-0.019011621508965168,0.0065046613910877075,0,0,0.028676072129912886,-0.005564230405970483,0.0005670893251118449,0.2884138046434389,3.1199185949480013,0.13289542583189634,0.12088077368068458,-0.07504060882295985,0.0,0.0,51580571776.000084,2.140412992339025,1.0099828548434724,0.08969239073993407,0.03216169785367633,-0.0728583160147836,-0.022439270634026863,3509520733669.7256,25.361395736825575,0.18215348957976693,4.141094262392437,0.166254896573521,0.04272239121006165,-0.09169316204934864,0.12733464742229197,0.2884138046434389,3.1199185949480013,0.12088077368068458,-0.07504060882295985,0.0,0.0,20.777067866592983,1.1123626981581087
0,-0.014698981053695189,0.005405148834421407,0,0,0.00796304497674611,-0.007395481382525705,0,0,0.002550179660342813,0.02343565840081748,0,0,-0.009286115737291892,-0.02542599094892178,-0.0006322814877634924,0.23017995740864472,4.531709006129258,0.14669225621539467,-0.01735121799365207,-0.09307231105231449,0.0,0.0,42300013144.06075,2.4107038730707435,0.6159408847479306,-0.04908301446768192,0.038527522241494146,0.01613150932619053,-0.020272366938057073,2016245184037.3032,25.831535584649085,0.21542824227202187,5.887213380080473,-0.06445635942531631,0.04119742010215296,-0.07039779436872728,-0.07983417420534239,0.23017995740864472,4.531709006129258,-0.01735121799365207,-0.09307231105231449,0.0,0.0,21.11846304650879,0.7848962897365893
0,0.004981522695169009,0.010539452053004323,0,0,-0.00537731854865644,-0.01784814242752237,0,0,0.011331098316217477,0.010387631595486484,0,0,-0.011726894169704908,-0.01769632197000453,-0.00018599292049784646,0.29473880058345897,2.927260483773587,0.1307426814853537,0.023198823426035554,0.04811235538526205,0.0,0.0,57791027120.91731,2.4775925875029228,1.032450876637709,-0.01071221479054648,0.07377557315344457,-0.14948524993060186,-0.03140258830404656,4260515341732.1,25.505629491910163,0.22018677534362788,4.0389720975536525,0.016694242179019998,-0.0373906343244072,0.07635225041688658,0.15861647415253194,0.29473880058345897,2.927260483773587,0.023198823426035554,0.04811235538526205,0.0,0.0,21.099781990610044,1.0791710438590258
0,0.016694959009874992,0.0143914400282528,0,0,-0.004075798211647869,0.014260756502916742,0,0,0.012189658251848255,-0.014130488032076843,0,0,0.00042950254637886924,0.04278268456324639,-0.0006064058487953322,0.3549670197946923,4.2329871953729326,0.09354969950806377,0.006249469980952814,0.09692766705112936,0.0,0.0,62956848349.86155,2.375822079638961,1.1260519178604131,0.001085528298959476,0.036328001411005784,0.01598608671700501,0.014113210517365457,4237900823870.8374,24.07187155908302,0.3247702968187912,4.734891090654811,-0.08261977784968015,-0.12408825204529805,-0.020813328797580265,-0.022585717632955755,0.3549670197946923,4.2329871953729326,0.006249469980952814,0.09692766705112936,0.0,0.0,20.52290600819549,1.2388011540928998
0,0.01888811837397265,-0.013303119615010081,0,0,0.007617092046587496,0.00412046041699905,0,0,-0.013264128665812454,-0.0006027909424683209,0,0,0.039769339086372604,-0.00857986825554271,-0.0004062137520520239,0.43319283751889376,3.74608408269187,0.07975248882192695,-0.010295152932197026,0.012307359159565741,0.0,0.0,81456296055.68129,2.7308918571906498,1.0707107743158077,-0.0768645771180752,-0.00790783996852865,0.012913690486848,-0.05033339068520697,4602078443843.272,26.06870597740849,0.14805019740487213,3.6095513366013234,-0.06851711299470438,-0.09839720933246474,-0.16103259183991778,0.05197525745568427,0.43319283751889376,3.74608408269187,-0.010295152932197026,0.012307359159565741,0.0,0.0,20.516992262583965,1.236715315362054
0,-0.0034649201594252727,0.02408358025457637,0,0,-0.005443941632368359,0.003417218931133865,0,0,0.019958336985238537,-0.0026799009023957994,0,0,-0.028867198777032168,0.030180700088106034,-0.0005591309084684232,0.3391659578244905,4.232378977838883,0.08712969667000318,-0.042732547122201196,-0.010325431001427906,0.0,0.0,67415946002.951454,4.283062403385578,0.862979744065868,-0.028478318421643726,-0.03919158704843301,0.08001612560636621,-0.11455683878762726,5337900240266.84,25.288609808385118,0.18373745702935923,4.810835499843795,-0.18064547864303582,-0.11698313992315196,0.017157250931486036,-0.005876154127833135,0.3391659578244905,4.232378977838883,-0.042732547122201196,-0.010325431001427906,0.0,0.0,21.004080712651277,0.8634461125801007
0,0.0018258221407841271,0.019487220450671503,0,0,0.0006248289962046585,0.02158196248963064,0,0,0.011888675097378742,-0.014034742370717137,0,0,-0.009438023960389955,0.05510392531101928,-1.964093089998793e-05,0.45777213152610624,3.3013387648055543,0.0805993087480534,0.09734455449524804,0.14634072522732608,0.0,0.0,90662461814.19223,2.5234335542324637,1.9266110130148264,0.07560321062451991,-0.04886821763032147,0.03156673651406355,0.005926304419858918,8848520322323.129,24.55512260964996,0.38293855455087117,5.4215437127312915,0.27906038912265,-0.27638629608490384,0.026789665544500976,-0.06382261028720046,0.45777213152610624,3.3013387648055543,0.09734455449524804,0.14634072522732608,0.0,0.0,20.663279105573572,1.8493337619070134
0,0.02083749138867793,-0.010822103914448692,0,0,-0.011617995233730869,-0.01810867113975725,0,0,-0.00807506607240499,-0.0042192195252066704,0,0,0.017294562227352053,-0.024711555528999275,0.0004181846690102963,0.3298430659539162,4.730789716843884,0.09357327054819772,-0.06181875414662634,-0.12421732289011579,0.0,0.0,57385779065.53424,2.6471268095175873,1.072596061146988,0.05699671620439308,-0.024879569059913915,0.014248244058052122,-0.026466335587216276,4356044591453.006,23.695278687140924,0.3355915165556893,4.7097318381800175,0.11503732736229111,-0.35178226075756536,0.060315160124487385,0.04268283729990533,0.3298430659539162,4.730789716843884,-0.06181875414662634,-0.12421732289011579,0.0,0.0,20.537568075440987,1.130532509797549
0,-0.019831049024984452,-0.010160450812422173,0,0,-0.0021576476635691883,0.006090597335303656,0,0,-0.02217131388851018,-0.002738623208189119,0,0,0.0001826171999565404,-0.0013312302689293975,-0.00016193907256109206,0.26238114550857694,5.5455867070077645,0.1140888339035909,0.09262125585101266,0.011293201937358149,0.0,0.0,47933931828.82019,2.34429437208482,0.5612312544545481,-0.08463494382832203,0.005922426907452103,0.12700180762262317,0.03584162228032376,1817097633877.5146,25.04986046825053,0.2642868589327421,4.612752339910575,0.16290260504360565,-0.08336487503982552,0.014133726356187048,0.021372742843426856,0.26238114550857694,5.5455867070077645,0.09262125585101266,0.011293201937358149,0.0,0.0,20.954975075318234,0.7916819580619818
0,0.014133694574727122,0.013831996347681823,0,0,-0.011228416113597081,0.010755627652394609,0,0,0.006941198759396013,-0.015219759447777535,0,0,-0.004035920298265972,0.03980738344785397,-0.0007245427248326991,0.28671619579242535,5.2090404134668225,0.10822737173856936,0.01412868459961019,0.05960646193817845,0.0,0.0,53823015245.840034,2.795892094437963,1.2165223360491335,0.08474947854076961,0.002734172804304602,-0.03590050932368408,-0.031105003809077984,5103038996563.471,25.445438109318587,0.2559596383971641,2.8285833437083236,-0.07906997329526254,0.037483552438470055,-0.113642729572926,-0.0071622566178575495,0.28671619579242535,5.2090404134668225,0.01412868459961019,0.05960646193817845,0.0,0.0,20.95874005797623,1.1576138480373397
0,-0.020314583888655355,0.01345675931513292,0,0,-0.00657123076055629,0.022907498975194514,0,0,-0.011658278531216544,-0.013397452514273888,0,0,-0.0152275361179951,0.04976171080460132,0.00044046632016593964,0.6716394957583004,2.7202921618287914,0.0547253391746142,0.03088562160369596,0.023601853589844526,0.0,0.0,133194418046.83168,2.1398418126396477,2.597492241382473,0.04351829954365032,0.005855904573213249,0.0038541766535514334,0.10179826531547762,12477480706427.703,23.30009236752868,0.46428534109103914,4.063926001043255,0.12824034314615673,0.09760530221081967,-0.0408028291616308,0.07891946199308161,0.6716394957583004,2.7202921618287914,0.03088562160369596,0.023601853589844526,0.0,0.0,20.2525780693598,2.6256357095273843
0,-0.012454782392318332,0.007440828703871707,0,0,0.005401682080403969,-0.019997580562524455,0,0,-0.001621223207908944,-0.014252495316832155,0,0,-0.005431877104005419,0.0016957434581794072,8.980078712860545e-05,0.39133854306194066,2.9899671708286153,0.08298470617588931,-0.03810415730475963,-0.05000711344546898,0.0,0.0,80475160344.12422,3.383607388184213,1.1207938337311827,0.0747528112597983,0.00584981768541465,0.10291103477100724,-0.05472739798150052,7029478207127.85,26.34364529077842,0.10508021657573419,2.7823219292631602,0.14644628765085793,-0.017519462546355603,0.12958963334175477,-0.11434429886011653,0.39133854306194066,2.9899671708286153,-0.03810415730475963,-0.05000711344546898,0.0,0.0,20.99765415803293,1.0780840069580897
0,-0.009118015921939407,0.010912473036287654,0,0,-0.007854500005586311,-0.010938004844364616,0,0,-0.006590172474950181,-0.0007286853589547601,0,0,-0.010382343452575535,0.0007031535508777983,-3.9996867578889793e-05,0.3721909877203579,4.128991429796649,0.09018330161235807,0.025885224750261584,-0.016512853353200567,0.0,0.0,68958308717.72174,2.246182161850009,1.338442083764511,-0.035227718982209055,0.0418061776896167,0.006844647299362465,0.02540965243840869,5110246711218.008,23.473837610593336,0.5005475655307374,3.4848788986110812,0.1723387582277783,0.16145236506745675,-0.028132582170280137,-0.10007185107601292,0.3721909877203579,4.128991429796649,0.025885224750261584,-0.016512853353200567,0.0,0.0,20.6265957736009,1.418541451046631
0,-0.0035424978622358005,0.015063099075760852,0,0,0.005801625639287804,-0.0033610905997596184,0,0,0.004776401098503511,0.020515192380228454,0,0,-0.002517273321451508,-0.00881318390422722,-0.00020609131502667008,0.37396276539253676,4.623388995783461,0.08713698181329536,-0.009918868437385297,-0.08875342705406301,0.0,0.0,63077940527.10791,6.303783580092613,0.49000109298543953,-0.028223593254348107,-0.03597119870920866,0.05244079114426046,0.14848451618751338,2592713729356.2573,25.352163164390713,0.16877768979523622,3.6572158104757393,0.07841267709984673,-0.10163112928295623,-0.037063694981155304,-0.10825951308682931,0.37396276539253676,4.623388995783461,-0.009918868437385297,-0.08875342705406301,0.0,0.0,20.300392888127377,0.7274429694013713
0,-0.019995626863169875,0.00878101685712971,0,0,0.0002543699494701125,-0.0018584331056685157,0,0,-0.004461465725112558,-0.007407046829486903,0,0,-0.015279791188587206,0.014329630580948098,0.00016108392302458682,0.457188997209973,3.8645955575510436,0.07520856368635268,0.021875658899105324,-0.021289094777505648,0.0,0.0,84437666405.48212,3.35905466624346,0.9481609140276326,-0.08848484038783871,-0.028825649240025553,0.019176103418807974,0.035240397565589936,4445673065665.48,26.21297448973122,0.13509691856391481,4.0607662461833645,-0.15939134940943334,0.018245707991894927,0.12324843937381146,0.026397306913353503,0.457188997209973,3.8645955575510436,0.021875658899105324,-0.021289094777505648,0.0,0.0,20.39159657831959,1.1292244685403956
0,-0.00908405812470459,-0.0008014234451579518,0,0,0.014758841288743427,0.011334407390489859,0,0,-0.0031596068536413435,0.002389440496415375,0,0,0.008834390017680181,0.008143543448916532,-4.1549881210577656e-06,0.25228644346884,4.2552115480526735,0.11721540333471783,0.010479590155309585,-0.07998473633522872,0.0,0.0,49649168994.95828,2.1081225372148635,0.899431891444105,0.028237556313695105,-0.0993368733797609,-0.009586853110114741,-0.03319765082425923,3611322047711.625,25.090370288175414,0.1957684479501149,4.349418608178745,-0.03659364227445623,0.07978954499262376,0.024547397136235216,0.02608877900267127,0.25228644346884,4.2552115480526735,0.010479590155309585,-0.07998473633522872,0.0,0.0,21.28374843395163,0.9586326148455615
0,0.003121336990354567,-0.011446690632571335,0,0,0.0011601563636686168,0.01827171839155529,0,0,-0.012132125259291134,-0.003785296630711467,0,0,0.016413618613314317,0.010610324389695423,-0.00042783310084937325,0.23407051645676277,3.480543875543311,0.14579212300485694,-0.09227338917052044,0.05420329610914764,0.0,0.0,46909490876.67161,3.6428346109091874,0.40933502253843707,-0.01717976511034389,0.042172734907713116,0.004696160561510405,0.0005708865180162918,1839967349049.6611,25.167588996835768,0.2398872160845999,6.027764534694925,-0.2483831894011912,0.06763796799217026,-0.0001141229270277117,-0.012779301402279272,0.23407051645676277,3.480543875543311,-0.09227338917052044,0.05420329610914764,0.0,0.0,21.441661386317556,0.592005709163731
0,0.01308361667645279,0.017801309894923952,0,0,0.003020506728474246,0.020527601514434352,0,0,-0.004142231952639432,0.01373339104979306,0,0,0.02024635535756647,0.024595520359565245,-8.715860492469083e-05,0.3706839896721826,3.6830096786329176,0.0944274982302382,-0.022485807501035574,-0.03400171805305132,0.0,0.0,72214681414.7685,3.1230374292553753,1.2001296333726506,0.013980634707400273,0.03941790017853297,4.267511966071167e-05,0.004583394426823098,5784651951902.765,25.254937302929363,0.256374474522274,3.5983977919441568,0.11662275357956156,0.05735494707225591,-0.08577406815928362,-0.12897340306513266,0.3706839896721826,3.6830096786329176,-0.022485807501035574,-0.03400171805305132,0.0,0.0,20.8246033751914,1.1992446179848935
0,0.006454812496096387,-0.01109050180220566,0,0,0.017048755285308678,-0.001957108560034632,0,0,-0.002710774968979617,0.01635677190889898,0,0,0.026214342750384683,-0.02940438227113927,-0.00037236659722131847,0.33571802003525136,2.808307082339532,0.11350805705794506,-0.0950249667336089,0.05007645481092036,0.0,0.0,67021939599.87472,2.9199437550433354,0.512044038713246,0.01624829716467292,0.037150032265649835,0.15312048575886353,0.06727012038914036,2125404135776.8088,24.619319407609723,0.3134701129275926,2.558083701166573,0.07145047855041393,0.08530669352923886,-0.06418509677045928,0.0692870840679924,0.33571802003525136,2.808307082339532,-0.0950249667336089,0.05007645481092036,0.0,0.0,21.033634467890106,0.7788896537817986
0,-0.003383251738551918,-0.011826289927365286,0,0,0.009689522363424359,-0.008617452776461249,0,0,-0.004035753375448077,0.024213328397269092,0,0,0.010342024000320518,-0.044657071101095624,-0.00046916201206244416,0.4538527290149795,3.7796563459961807,0.07337511079014082,0.0966162920744818,0.011844852226797641,0.0,0.0,81117046204.41896,2.864628900551634,0.7592480981541465,0.058837241672474436,-0.10205691471991192,-0.07983996430930863,0.05307848010316573,3208777271624.6436,24.47609633831355,0.22743912442023675,3.062712274400566,0.106071387778742,-0.1406903787801369,-0.1162890081518089,0.046494878719912015,0.4538527290149795,3.7796563459961807,0.0966162920744818,0.011844852226797641,0.0,0.0,20.282638314175667,1.0383312774823914
0,-0.012842243710410295,-0.0039237755182104875,0,0,-0.0017712087960786763,-0.012382440225440288,0,0,-0.011982695123933039,-0.01756673232341211,0,0,-0.0026307573825559323,0.0012605165797613359,0.00014034415525502778,0.42549083301345214,4.7942385459810675,0.06104990971032453,-0.08867603139777984,0.11476875162130448,0.0,0.0,83009937697.34068,2.8778152937732937,1.3847365337962854,-0.011469128806909035,-0.029027452582718022,0.01367081878257723,-0.1199002108429954,7959092066690.855,24.68939410123972,0.18869252185884455,4.091605457325171,0.14730607935186968,0.04982006479232963,0.02026576588042686,0.018479828803559455,0.42549083301345214,4.7942385459810675,-0.08867603139777984,0.11476875162130448,0.0,0.0,20.68065337944033,1.3202638508159958
0,0.004908910895801068,-0.015678037412559142,0,0,-0.0038927968108059007,0.015274276140483392,0,0,0.015899071079819964,-0.0013526544168626286,0,0,-0.014882956994824796,0.0009488931447868788,0.0004814452000118342,0.211007601572368,4.87899670686604,0.12340916033627539,0.14146741770435795,-0.10047382119562699,0.0,0.0,40903874237.367874,2.156827888057797,0.7322792576048381,-0.07957218490453209,0.0486232179112477,0.026052753276576253,0.03380015827249585,3072931515026.5957,25.63206463864963,0.12282864208588214,3.703145023019874,-0.19533250886870673,0.0302699615771656,-0.07111238817049267,-0.025734137094471844,0.211007601572368,4.87899670686604,0.14146741770435795,-0.10047382119562699,0.0,0.0,21.416393401215814,0.7795052282294603
0,0.010662408749948454,0.0184509166034707,0,0,0.00015297087024726896,-0.001815021472819364,0,0,0.017352846870142543,-0.015719667280617224,0,0,-0.00653746724994682,0.032355562411268565,-0.0005121969835768416,0.45748616176328116,5.090114829568574,0.05623108153909262,0.021674355419949984,0.05126755700651238,0.0,0.0,94412167605.97952,5.3750200192802575,1.1240162338704953,0.013110527188609684,0.018475758735579204,-0.08821125288887717,-0.09075250462338313,8948194981400.64,24.846881807380655,0.2259775269221784,4.668776230285643,-0.006568968721123064,-0.09306788993245167,-0.10746698114957666,0.014163694872334306,0.45748616176328116,5.090114829568574,0.021674355419949984,0.05126755700651238,0.0,0.0,20.844334245119942,1.0131955048884271
0,-0.007573940927468499,0.014352080209405043,0,0,0.018222571441502914,-0.010127185853873334,0,0,0.003939174817783016,-0.024200975132809704,0,0,0.006709455696251399,0.028425869488341415,0.0007179261987433583,0.18830789133867554,4.229267943494388,0.16207721038324305,-0.02221776787173308,0.135559766306182,0.0,0.0,37978036422.985176,1.5198699547600922,0.7341998297421549,0.03093843984801495,0.04427924074613244,0.015764113025960255,0.00821401304188284,2240523849477.8267,25.30178849692716,0.21637956964127764,4.54256769777664,0.09534775571519122,0.02659831728030172,0.028908044631807052,-0.019531689054503875,0.18830789133867554,4.229267943494388,-0.02221776787173308,0.135559766306182,0.0,0.0,21.705237556155563,0.8516690254091819
0,0.012584957461085561,0.017327838500900146,0,0,-0.020563128014916936,-0.008002490716783035,0,0,0.0077048282923065856,0.009840811499117294,0,0,-0.015682998846137962,-0.000515463715000183,-0.0001264948149618042,0.23699542021405867,4.566179473378383,0.1453992247478847,0.01992489361571888,0.04286803479503917,0.0,0.0,41150114513.42795,1.6720042097068397,0.7607757308636197,0.03366034909317742,-0.10062133194704517,-0.002539301541715385,0.003921697462087621,1923913503372.16,25.1189754572232,0.27264058677626424,3.8714383531991077,0.2326624793193248,-0.23098765547193167,0.10768366061225473,0.07841614797965517,0.23699542021405867,4.566179473378383,0.01992489361571888,0.04286803479503917,0.0,0.0,20.889855533453613,0.9709320472530962
0,0.00172574043448085,0.008731624657742267,0,0,0.017096039994864462,-0.017662305800103622,0,0,-0.014291616473114192,0.01879523660892329,0,0,0.033113396902459506,-0.027725917751284645,0.00026048941848618037,0.2980011750835961,3.0753552572167893,0.12552721539378706,-0.11706557277553706,0.026735901636308974,0.0,0.0,55842052214.152756,1.835428912697312,0.8611027393565476,0.038199860827534834,0.03157849982382062,-0.020623934490463965,0.031612097210025246,2790773159131.0645,25.565392921578507,0.17286141584366885,3.4041676887045385,-0.021261330279388188,0.16558184731919812,0.07023316477493516,0.002348056369139976,0.2980011750835961,3.0753552572167893,-0.11706557277553706,0.026735901636308974,0.0,0.0,20.91013214100361,1.059357422378279
0,-0.022824318789034168,0.008085182115740247,0,0,0.021908419069982674,0.01129722520996813,0,0,-0.009220197663642888,-0.017095680326465617,0,0,0.008304297944591395,0.036478087652173995,0.00114849396202337,0.3221766468472691,4.990950993252809,0.07881939981970632,-0.06839338954420894,-0.04507761670704602,0.0,0.0,64794551801.17032,3.479339487202632,1.0246547234062708,0.001053799576892847,0.0311069277228858,0.13872713707382503,0.08510378873442032,6370901661262.814,24.64197210960739,0.21223642615685523,3.7784442222464287,0.04322005146924659,0.15113494619900897,-0.05630593915166019,-0.025246866477737797,0.3221766468472691,4.990950993252809,-0.06839338954420894,-0.04507761670704602,0.0,0.0,21.109983058079813,0.9463314883626375
0,0.011514364313459265,0.0002546104637044793,0,0,-0.011631894976038733,0.015912815115243915,0,0,0.022009767386872926,0.00656863272708824,0,0,-0.022127298049452394,0.009598792851860155,0.00032460277598431365,0.2854478261150738,2.6726029751760083,0.1470772887544322,-0.0631861841516638,-0.08893363549664239,0.0,0.0,52232017013.83656,2.826295215417532,0.6506381260983403,0.03048499221860989,-0.02638797261163178,-0.006810342346581922,-0.008209299214114962,2471652421205.7627,24.625061115529103,0.30218124709525235,3.0520419543558654,0.2055324986690203,-0.26938190836582854,-0.04356999094648601,0.15923199795723186,0.2854478261150738,2.6726029751760083,-0.0631861841516638,-0.08893363549664239,0.0,0.0,20.86929099064041,0.8320321692279948
0,-0.009897842440877413,-0.0185646311823137,0,0,-0.021205836092577524,0.00778178657427546,0,0,0.00039752297746533977,-0.003322593900587614,0,0,-0.03150120151092028,-0.0074602507074506275,0.00044395084920765144,0.19949863059936448,3.7349648946069265,0.17473424879615165,-0.0290068591238932,-0.12981488538811017,0.0,0.0,39043814631.078674,2.0823298158737633,0.9416786076103394,-0.0059681121618581886,0.00529250017283705,-0.05497487150497005,0.11818294803015283,3347959618148.182,25.302635040479625,0.25960376744800473,3.4921896782424677,-0.059084575982912266,-0.12009743493750699,0.000307112949038561,-0.00021431401377193992,0.19949863059936448,3.7349648946069265,-0.0290068591238932,-0.12981488538811017,0.0,0.0,21.515889247072714,0.9416706915180995
0,0.01466915290561095,0.019659745741682996,0,0,0.02371401354668814,-0.003626515932225761,0,0,-0.008529123903818454,-0.015862608991577064,0,0,0.04691229035611755,0.0318958388010343,0.0008467766980859295,0.3572530912313043,4.059382493623362,0.08727537110447767,0.09733897226725181,0.01601327590934247,0.0,0.0,71565167718.39938,3.438273438923652,1.0982032164522186,-0.0010002033509637477,0.009096131938655638,0.02765111042985045,0.05206591713909566,6051765963649.153,23.684259048154985,0.44515284514892456,4.319167749622779,-0.053075634775945735,0.06550204852718855,-0.05351886003774526,0.05118592759493815,0.3572530912313043,4.059382493623362,0.09733897226725181,0.01601327590934247,0.0,0.0,20.980727363067547,1.0674698591750524
0,0.008840108128429607,-0.011612600280529605,0,0,0.017320907185616168,0.01737003221741481,0,0,-0.008836133815892922,-0.006732060753127002,0,0,0.0349971491299387,0.012489492690012205,-0.00054401381140564,0.2941609261220835,4.715201898091569,0.1146508475344545,0.08004566393292431,-0.015526802021429094,0.0,0.0,49481837655.228676,3.2112431119195994,1.18337221211576,-0.07465707677897498,0.08412455414604124,-0.0006282607993667919,0.000859966357831104,4919980776319.697,25.323104527222323,0.21151440749128317,3.5502531462776012,0.01042596016327449,0.17326309781045685,0.01909666750945698,-0.058959503242493445,0.2941609261220835,4.715201898091569,0.08004566393292431,-0.015526802021429094,0.0,0.0,20.552297272881603,1.1162403508893972
0,0.013602200791282357,0.005060590814034965,0,0,-0.018439440450961984,-0.00480790861031129,0,0,-0.007390375936454387,-0.01781631963754277,0,0,0.0025531362767747603,0.018069001841266443,-0.0005179993896936773,0.27666428554904154,4.330349330394745,0.12802636639233494,-0.01456294446765791,0.01132717815288171,0.0,0.0,48311989079.493965,4.431855755888989,0.8983588019120989,0.0981848426712875,0.06642954477551899,0.09484836640801503,-0.029686828101792236,4336251126815.0845,25.575045684308957,0.22905625718857092,5.164667205488241,0.16125606704112402,0.13035417167146507,-0.03076442709124512,-0.014368957818350797,0.27666428554904154,4.330349330394745,-0.01456294446765791,0.01132717815288171,0.0,0.0,20.740796843769438,0.8669109415301263
0,0.012934679285841487,-0.003425712041492603,0,0,-0.010872405116442755,0.010960243376081279,0,0,-0.016585660600257995,0.003526205777857614,0,0,0.018647934769656725,0.004008325556731062,-0.00025078250756860966,0.48140646319955077,4.090227981836711,0.06793447938576162,0.02333527137050355,-0.018625060579509033,0.0,0.0,87819778681.4642,3.755090849790797,1.5377378227810288,-0.0576243783735453,0.001513238769274023,-0.09538034461173615,0.06044776166240552,8656165775831.15,24.629579777908127,0.24361890903396677,3.6249384432015654,-0.021778571402103153,-0.08670283969777384,0.016507493365353548,0.024376073213474472,0.48140646319955077,4.090227981836711,0.02333527137050355,-0.018625060579509033,0.0,0.0,20.29081622843229,1.4278030106837813
0,-0.007037536335033384,0.010848917503595453,0,0,0.02029621820423074,0.005080868115258347,0,0,0.014063637552078286,-0.000424352256532118,0,0,-0.0008049556828809284,0.016354137875385918,0.0001917845863434829,0.47702550623209633,4.648395464736739,0.06580476974672739,0.006402635213694717,0.1100301820647023,0.0,0.0,86873613621.22916,4.03213856298164,1.3040275559574543,-0.03539108710572072,-0.0222362641138938,-0.022810372045871444,0.079749385198973,7247294381382.076,24.82671248028418,0.2407024127487253,4.9818903007196695,-0.07645647318089935,-0.08415414147090805,0.00943019300762553,-0.009115512251195798,0.47702550623209633,4.648395464736739,0.006402635213694717,0.1100301820647023,0.0,0.0,20.294686017406644,1.280917002559683
0,0.008124738884437701,0.0035428886647025826,0,0,-0.007719189445483211,-0.005722341442718945,0,0,-0.010484366182696825,0.01781102339831092,0,0,0.010889915621651316,-0.019990476176327283,0.00039013368840600725,0.26382317845613035,5.32582791947482,0.12317179519405586,0.03715372297154882,0.011446788725971727,0.0,0.0,44263916542.20899,2.4684934797382727,1.0109379879576417,0.020642271610606867,-0.03706079283544292,-0.09235714376056318,0.003010693386252637,3353017184558.6807,24.727866444199556,0.31605970236041453,3.414468861693072,-0.2058098670432939,-0.17818069967726832,-0.007519443889212094,0.03830782601091627,0.26382317845613035,5.32582791947482,0.03715372297154882,0.011446788725971727,0.0,0.0,20.662274687848974,1.0704238886287147
0,0.012441890875257522,-0.011439416737024338,0,0,-0.010473655409309578,0.008810999643028295,0,0,0.011675546216622406,-0.018434428609118703,0,0,-0.009707310750674462,0.01580601151512266,-0.00017992918716552356,0.4071803550568638,5.747029722710963,0.07024976913083035,-0.006935585785638089,-0.01658926429645587,0.0,0.0,77352969501.23683,4.092605026636776,1.1096322286335965,-0.11030768873998098,0.003734696405196704,-0.012234851433698974,-0.006970922281066111,6045881740324.977,24.66075481714337,0.3226387885203243,3.288820723249305,0.04731290583051752,-0.018850648172566146,0.04162811458353473,-0.16104860661771514,0.4071803550568638,5.747029722710963,-0.006935585785638089,-0.01658926429645587,0.0,0.0,20.623305571650295,1.108870405860737
0,-0.012095657829861444,0.014086254301929944,0,0,-0.022570738692166224,-0.00831808766231153,0,0,0.002529600482304208,-0.0072162581801359475,0,0,-0.03719599700433188,0.012984424819754361,-0.0005535831479453562,0.16123378939807667,3.5051164651196522,0.2162006260909458,0.06888990393831636,-0.14486570137134525,0.0,0.0,32647038628.152534,1.4244241359176704,0.9984951123467921,-0.001208993867357144,0.026622345756599164,-0.04104410320798085,-0.07816216359416996,2919119746862.573,24.509837779787926,0.3794934598289454,4.59115700784113,-0.2606557723797679,0.2787496430520866,-0.017241956831274687,-0.004448610217903013,0.16123378939807667,3.5051164651196522,0.06888990393831636,-0.14486570137134525,0.0,0.0,21.891132256936864,1.0091212652065242
0,0.012697969502050778,-0.020281616436877634,0,0,0.00543957047277929,0.015514117056470735,0,0,-0.006052943396785916,-0.02115010079594701,0,0,0.024190483371615983,0.016382601415540113,-0.000669082833279254,0.2505297736587295,4.424716658014519,0.13630899751109896,0.007830903010316663,0.0025009608726262295,0.0,0.0,43481430161.54756,1.7946684525170578,0.5526420974801632,0.10032849217167499,0.012942991719756233,-0.04153426210877255,0.027787432076436882,1429907603343.6726,24.288495734945723,0.3452082076248278,4.214046458000362,0.12458218618941769,-0.006821381987100587,-0.04020596882883232,0.0037024455192135753,0.2505297736587295,4.424716658014519,0.007830903010316663,0.0025009608726262295,0.0,0.0,20.82813034556113,0.8244026305171783
0,0.020186085515708864,-0.008671627493724667,0,0,0.004985934826338614,-0.02248865661806028,0,0,-0.005445535429003124,-0.010399605838439189,0,0,0.030617555771050603,-0.020760678273345757,0.00032431054096039173,0.48697878287354573,5.294063059018631,0.05113216806677784,-0.1427196406768157,-0.06767327315818063,0.0,0.0,98545023886.09535,2.606542073341443,1.7201968717369074,0.04111686097243302,0.012597778211398887,-0.01682028003181619,0.16157619245072005,9695114672545.977,24.678145351276058,0.21830012909453164,3.641801470055931,-0.11078619121319219,0.008506069837464002,0.016478258756305927,-0.08986460096486693,0.48697878287354573,5.294063059018631,-0.1427196406768157,-0.06767327315818063,0.0,0.0,20.688337140854593,1.6402380073531426
0,-0.02315098769723299,0.0007539255721414353,0,0,-0.02284281614922433,0.008124837315944522,0,0,-0.012771861634967544,0.018562119394682663,0,0,-0.033221942211489774,-0.009683356506596706,6.921255972396976e-05,0.42516941585370105,3.2460857087533554,0.08935799836275593,-0.0055064550425200035,0.00032628281746325936,0.0,0.0,82232081472.16617,2.620720038715698,1.4158542271128018,0.0026682971201259136,-0.029883432036053575,-0.0964276759107,0.01019244635740853,6110466978722.604,25.386876742912015,0.26074193239118576,3.561390530215722,-0.056695848840697755,-0.10328644102630538,-0.02399750296603469,0.09972492826889741,0.42516941585370105,3.2460857087533554,-0.0055064550425200035,0.00032628281746325936,0.0,0.0,20.646651485020154,1.4723096586816355
0,0.0033041014619670005,-0.015097307705446844,0,0,0.018229844670527486,-0.012973832888897203,0,0,-0.010786895239303863,-0.013722274832392732,0,0,0.032320841371798345,-0.014348865761951315,-4.936522957310286e-05,0.2273603362810558,3.3450149228695167,0.15219109091569388,0.1264591611758587,0.09546293784434114,0.0,0.0,42672353026.73103,2.1454321525845113,0.4925905184776724,-0.04638504569284843,-0.042182030090612256,0.044047647758653566,-0.009605734084209687,1676389554159.6648,24.11176921030765,0.29553692940450654,4.274853992932877,0.008234978436120012,-0.27579388917175235,-0.06848019705175817,-0.15803982392689978,0.2273603362810558,3.3450149228695167,0.1264591611758587,0.09546293784434114,0.0,0.0,21.209855679947204,0.693601989966534
0,0.0002802696227436664,-0.010689336787377038,0,0,0.013197598310071801,0.005399409579086878,0,0,-0.0039796802343982,-0.004448800849609955,0,0,0.01745754816721367,-0.0008411263586802047,-0.0001479653253594608,0.49887089728883593,6.529592305417385,0.05229117665834282,0.06943161120505315,0.14551893515853473,0.0,0.0,85091992911.76462,3.1685944783890796,1.4530884710846785,-0.011879405488392789,-0.058616518492752734,-0.01997168066433779,-0.05266521070197702,7016917457870.226,23.952892437215134,0.2699529712627159,3.7505208710409446,0.10369807820451189,-0.11409009887302306,-0.019173186622667922,0.08874895633843499,0.49887089728883593,6.529592305417385,0.06943161120505315,0.14551893515853473,0.0,0.0,20.023373059191382,1.475134728380916
0,0.01721580687777612,-0.007236386493392696,0,0,-0.005423442308394047,-0.010061786343142962,0,0,-0.00946943306253999,-0.013490613709352188,0,0,0.021261797631922062,-0.003807559127183469,-6.494687147687815e-05,0.3372042601539879,4.277744986873982,0.10132442212270885,-0.0051018889210473544,-0.049116764748178596,0.0,0.0,60428845250.77461,2.827996184760976,0.9535747493460491,0.06421067799945322,0.015331486163898041,-0.054272214139935174,0.04714185453928071,3772848197733.264,25.570149133637724,0.19882017067474705,4.137213392859882,0.01128062873897459,-0.08240555963499113,-0.05951331933085227,0.03160389467483265,0.3372042601539879,4.277744986873982,-0.0051018889210473544,-0.049116764748178596,0.0,0.0,20.61443545612962,1.0714683110722734
0,0.01901319819631509,-0.0038809943036352225,0,0,-0.0003974422436981911,0.012636115171925035,0,0,-0.017364146046008506,-0.006171709679092784,0,0,0.035979901998625406,0.014926830547382596,-0.0006234497586966131,0.2869283598354953,4.9320844311195815,0.0985693508123303,0.017751907294613702,-0.008338543304908632,0.0,0.0,55420520444.741684,2.21929592925372,0.962307632799118,0.012314655750766715,-0.014180604037146865,-0.009166839270743089,0.08707628099471118,3885296403249.9917,25.355858475088127,0.17620587905844234,6.539668991890599,0.043686391875456074,0.07281803778996918,-0.07332627455971168,0.034391931855973404,0.2869283598354953,4.9320844311195815,0.017751907294613702,-0.008338543304908632,0.0,0.0,21.068285529269687,1.0380015604770834
0,0.022639161157810932,0.008649967720326343,0,0,0.024767866100993227,0.0018043531766986196,0,0,0.01290030233111062,0.004951406089744359,0,0,0.03450672492769354,0.005502914807280604,7.650077980732848e-05,0.17393908749561957,3.8739710131372536,0.19472330641406543,-0.006769732423865338,0.08395919573982173,0.0,0.0,32629029623.928467,1.477335481208852,0.6171416168460867,0.060597191710097406,0.04926954509876754,-0.0284330126683815,-0.03889050040548741,1615869417871.2683,25.1272706986511,0.22268434335805443,3.27773593747015,0.142285302616867,0.09653512631909802,0.1197595169985678,-0.07403270413675404,0.17393908749561957,3.8739710131372536,-0.006769732423865338,0.08395919573982173,0.0,0.0,21.498698840686675,0.7747392655540645
0,0.007873349465152026,-0.004563166330374759,0,0,-0.01924598363375924,-0.004360524441215145,0,0,-0.01699744825404521,0.00673710485586149,0,0,0.005624814085437996,-0.015660795627451395,0.00029141201220795145,0.46305288353478813,4.774996719477582,0.06960948103806922,0.0011159744063466515,0.0018053575108212634,0.0,0.0,84076421330.15623,2.051052622166442,1.248331910441144,0.034993109607313104,0.09111023284435114,-0.02993133049659733,-0.12999320953560778,4236394779340.238,24.52700606509643,0.32994145391636287,5.2077628970617775,-0.09285053387423167,-0.2064661058432642,-0.08587704758312739,-0.07717095193816545,0.46305288353478813,4.774996719477582,0.0011159744063466515,0.0018053575108212634,0.0,0.0,20.316259234698123,1.5129078522236235
0,0.013775269685097855,0.001993986426760986,0,0,-0.0011656407015386127,0.020795425934407516,0,0,0.011948486318429109,-0.007390853718422869,0,0,0.0006611426651301332,0.030180266079591372,-0.0001788017389656613,0.16052878035680893,4.129643232256171,0.18530029566976694,-0.1605043403887244,-0.003965548594733742,0.0,0.0,32729427878.5462,1.1715442735035133,0.6831542467161572,0.09317928371323828,-0.02644868273109814,0.08915472533359789,-0.11048283546065715,1809646132121.2146,25.595541898695185,0.17382841113132358,3.557282371441526,0.11800791397643556,-0.09122587313951833,0.055094274719513864,-0.009619939988386434,0.16052878035680893,4.129643232256171,-0.1605043403887244,-0.003965548594733742,0.0,0.0,21.926468523927937,0.8177899678021513
0,-0.0038810790757224387,-0.011166402901556455,0,0,0.01339640115027149,0.002879282355602255,0,0,-0.005290616084359305,-0.018064208314240323,0,0,0.014805938158908356,0.009777087768286122,9.830377869111385e-05,0.23606231924483925,5.388952413249994,0.11389761301619879,-0.1639647735314811,0.02767823039492195,0.0,0.0,43621387354.15225,2.0872933110361815,0.6169806948462179,0.018198453557371264,-0.001931385715809709,-0.05422611659710968,0.054839253398815,2190465875622.41,24.834363103910988,0.1878733227893192,3.5513089874323427,0.11316255949041341,-0.009146862056562424,-0.010766399775491181,-0.00018555914692330421,0.23606231924483925,5.388952413249994,-0.1639647735314811,0.02767823039492195,0.0,0.0,21.11123006598823,0.77642881688584
0,0.022474856594093685,0.004703101233090886,0,0,-0.01672107959345035,0.0030624844313210738,0,0,0.0007682697875547109,0.016882043136231276,0,0,0.004985507213088623,-0.009116457471819316,0.0005136197312169646,0.3801867222932333,4.815107789319441,0.0788222224740359,0.018750256714057247,0.07796306229293885,0.0,0.0,75506907348.25096,3.2058780753545797,1.0733678407113978,-0.04349506395417401,0.014543801189492138,-0.08353389607666055,-0.028509791056175668,5344858076163.175,25.876124157213358,0.1862848861888197,4.299781410289639,-0.03304840043457223,0.015107558099207927,-0.10933327945645048,-0.020498187728573036,0.3801867222932333,4.815107789319441,0.018750256714057247,0.07796306229293885,0.0,0.0,20.87661991065874,1.120222809621243
0,-0.007080960244419017,0.01167838490981474,0,0,-0.002968582118623859,-0.003228123911414856,0,0,-0.009287680363449057,0.016930902681812528,0,0,-0.0007618619995938183,-0.008480641683412645,1.1084128588389336e-05,0.2848522585345794,5.71387308474855,0.10287235708074871,0.01877458438008003,0.048285659092952085,0.0,0.0,54171079438.43795,2.8920457431043136,0.9603948262769951,-0.04809849724977229,0.059999319672480324,0.08326628637666192,0.07302520749608814,4019893244191.7104,25.679537711240847,0.22730501532962483,3.8219840187749483,-0.033029077769838204,-0.1008182945373563,-0.00899036431896408,-0.10469346472392003,0.2848522585345794,5.71387308474855,0.01877458438008003,0.048285659092952085,0.0,0.0,21.015287187104498,0.9979675188826442
0,-0.01914613712168084,-0.012679604729882747,0,0,-0.018280255312831357,-0.007386580069311,0,0,-0.01726998971570706,0.00957169240989905,0,0,-0.020156402718805134,-0.0296378772090928,-9.0213833686643e-06,0.3217543697753526,2.4751113195010666,0.12873027635424614,-0.05584318117828205,0.018574318733701634,0.0,0.0,61813431239.16491,2.467797538486351,1.0099083790097472,-0.02196368218424347,-0.018089840631060478,0.013021303285397766,0.11065524111046865,4140628204883.8013,24.228465181909467,0.35143450667268694,5.114582392127218,-0.09722277615103041,-0.2402011287541039,-0.011687847132143056,0.04378751384733313,0.3217543697753526,2.4751113195010666,-0.05584318117828205,0.018574318733701634,0.0,0.0,20.92260576501114,1.09873634223209
0,0.016571434323289492,0.010430174133142721,0,0,-0.0072699492387480824,0.005136406912032168,0,0,-0.011594394297331318,0.020624005051825288,0,0,0.020895879381872727,-0.005057424006650399,0.00038304168172037544,0.15686505188395938,3.283445385083304,0.23676814796858334,0.08133500030566784,0.005132912545466214,0.0,0.0,30415702684.21794,2.050159109356359,0.3948726563670261,-0.009360620702919403,0.06717348512675037,-0.11659159122875608,0.04778883636142856,1178308232578.9326,27.32401446999736,0.0987909904307583,3.3942224716797385,-0.04442883859051864,-0.0054221727781083445,0.031068174564505707,0.12064537338530743,0.15686505188395938,3.283445385083304,0.08133500030566784,0.005132912545466214,0.0,0.0,21.739294563230327,0.5653960878634074
0,-0.009728763332098347,0.00643604659481803,0,0,-0.008566238562888845,0.006496957583049084,0,0,0.016142759126106878,-0.007717765128863355,0,0,-0.03443776102109407,0.02065076930673047,1.8625383915287746e-05,0.3881759249531808,5.498308964612354,0.07460427735035487,0.09606007249215942,-0.010509903036270331,0.0,0.0,74628303690.17673,3.744036506940144,1.1093640025057139,-0.012576941014771473,-0.03226564064408856,-0.01827663100458502,-0.010882275525506312,5822205116818.048,25.627119751743717,0.20812655639012057,4.640276677546075,-0.03536312008890973,-0.06238460758826733,0.0701178757651735,0.10638578755960086,0.3881759249531808,5.498308964612354,0.09606007249215942,-0.010509903036270331,0.0,0.0,20.72171595315914,1.1119770720256204
0,-0.0023309212866865713,0.02335794770645943,0,0,-0.0054642133295171235,0.005970655473625366,0,0,-0.010685355733017193,0.005542678246017867,0,0,0.0028902211168134982,0.023785924934066928,8.755671502103244e-05,0.3175114341893387,3.495109272357257,0.12726020737318164,-0.06222416916010193,-0.08690015757601725,0.0,0.0,53255116482.258484,3.410375288444659,0.8557061876376576,-0.08455414705189675,0.06064497149629299,0.09719947542968069,-0.10417440914516848,3326945798950.7363,24.890032948177534,0.3238833437152691,4.3675203844687145,-0.17452584804775284,0.11720387406672211,-0.007759776625238522,-0.015060030517041025,0.3175114341893387,3.495109272357257,-0.06222416916010193,-0.08690015757601725,0.0,0.0,20.46017591284419,0.9714037039801173
0,-0.00739444412959447,-0.010275724260218395,0,0,-0.012764398451107845,0.007928847350768252,0,0,0.006166006849184146,-0.01762422694570482,0,0,-0.02632484942988646,0.015277350036254677,0.00020991658754802191,0.30102061614733444,4.44006453622367,0.09891158433744358,0.012378118823854808,0.001319460031670891,0.0,0.0,58754034362.35847,2.2561626939904733,0.7915364405877359,-0.016531570930148225,-0.06885700228681156,0.06087222214343081,0.07706300993893549,3133799114104.1367,24.699767136823617,0.24839679494174274,3.36054461952194,0.19586107549605597,-0.17350461574899867,-0.01595584552597882,-0.04021066434736483,0.30102061614733444,4.44006453622367,0.012378118823854808,0.001319460031670891,0.0,0.0,21.058271922824034,0.9467755314506179
0,0.023596757046589364,0.006683496816785368,0,0,0.016732363578707648,-0.0023862228388155955,0,0,-0.010026009716164058,0.013968272853774803,0,0,0.050355130341461066,-0.00967099887580503,0.00034787617396972654,0.41148294934181184,3.1587732009395775,0.09731775806166382,-0.042987667087882785,-0.06613105543221652,0.0,0.0,75271560061.12617,7.581272601907809,1.0337948006558366,-0.059146172894842315,-0.016428963477833826,-0.015218920342472578,-0.026232819237721427,7196072788247.01,25.82414553826696,0.20758802033840826,4.01649255775147,-0.2213742233686205,-0.11347115541142713,0.15762405523569728,-0.02384322842894764,0.41148294934181184,3.1587732009395775,-0.042987667087882785,-0.06613105543221652,0.0,0.0,20.471140940943695,0.9340782725182929
0,0.0026922615176045153,-0.022506095492221156,0,0,-0.015828803250571854,0.008239873237684683,0,0,0.01049295189724827,0.012413084298941284,0,0,-0.02362949363021561,-0.026679306553477757,0.0009053403802811239,0.36690633701117953,3.9755079566530127,0.0921597227450727,0.008376894097726892,-0.02890279005576065,0.0,0.0,72398904097.15508,4.402499580721954,1.1659646802294572,-0.007572206342591429,-0.06556593848242999,0.0022562792726949325,-0.005582104852328504,6872784164730.413,24.99381736280141,0.31065175506878046,4.581709492965662,-0.24720250741371802,-0.15822465620135986,0.019128981463589993,0.006808409430301725,0.36690633701117953,3.9755079566530127,0.008376894097726892,-0.02890279005576065,0.0,0.0,20.88814329624213,1.0631770718708977
0,-0.016634070072669697,-0.006589419737889245,0,0,0.018491068195947973,-0.0062631182319345426,0,0,-0.018046136632539858,-0.014477296130439733,0,0,0.019903134755818133,0.0016247581606159446,0.0002668287132137489,0.23582484218893737,3.954422924776365,0.15186385920068876,-0.08591397394923528,-0.04008737802629748,0.0,0.0,43385519538.529205,1.7284790799331493,0.5158105683546007,-0.0606127011488081,-0.04529843684084283,0.025480766663180634,-0.004805585160181531,1334473969578.0642,24.606954425659502,0.3644184794372378,5.1712519882451335,-0.3557876314904803,0.0664094744885242,0.0692487854037628,-0.11836665042561796,0.23582484218893737,3.954422924776365,-0.08591397394923528,-0.04008737802629748,0.0,0.0,21.09619493440412,0.7852498277941848
0,0.002397595739198966,0.00191255703470736,0,0,-0.0030101924750966388,-0.023343475562359835,0,0,-0.016002801210147615,0.007553597457836514,0,0,0.015390204474249942,-0.028984515985488988,0.0004797225446067397,0.5256438311854222,3.1806561166439784,0.07523878480453006,-0.046498694102756456,-0.105047411439128,0.0,0.0,89932663880.51724,3.529740919515414,1.4075003040839649,0.07276279294399163,-0.04231262973342589,-0.06480780075482456,-0.05597446102988666,6704091874012.296,24.97121670550939,0.22469915349359482,4.917831211125118,-0.09206324626047742,-0.12900333503931452,0.12553559317121105,0.0567051472655032,0.5256438311854222,3.1806561166439784,-0.046498694102756456,-0.105047411439128,0.0,0.0,19.976514822842447,1.4655071780868278
0,0.008368572907938389,-0.002672221635550618,0,0,-0.014737953709080726,0.0015468975748440385,0,0,-0.014511273223808317,-0.012912528324833868,0,0,0.00814189242266598,0.011787204264127289,-0.0003236358691903383,0.29589223659182534,5.830150808111406,0.10279186086693723,-0.007269929021077006,0.01882922770043492,0.0,0.0,49769390897.43761,4.391913225992921,0.9087785283348476,-0.057035688350052696,-0.03896420323389883,0.07052636680393709,0.030649962315092896,4350427027964.969,24.702200635352007,0.281430924234759,4.55817350311153,0.058194788364304244,-0.2101334011527498,0.04660360161593299,-0.025075717715530153,0.29589223659182534,5.830150808111406,-0.007269929021077006,0.01882922770043492,0.0,0.0,20.545691275036443,0.8950837079299234
0,0.015305084936004038,0.005591793654447647,0,0,-0.01070316650758442,-0.0015131075266547967,0,0,-0.018905204384678208,-0.002113622787595642,0,0,0.023507122813097824,0.006192308915388493,4.10878978371776e-05,0.663467379982942,4.156753379122835,0.05103819900343193,-0.029177986373498693,0.061808385514102206,0.0,0.0,122737649236.15927,4.815925995548223,0.9521673270449971,-0.03704816612795638,-0.0006798208300199097,-0.06919604365807219,-0.019407190637594333,5385984199307.271,26.01439435079143,0.16369954161353137,4.264129719315829,-0.14860707128989412,0.032506594956111474,-0.11075935231086498,0.007676378786582083,0.663467379982942,4.156753379122835,-0.029177986373498693,0.061808385514102206,0.0,0.0,19.993349931512675,1.213904387365448
0,-0.0018783830182140082,-0.004584556408376763,0,0,-0.003048666698568375,-0.004442850266829877,0,0,0.0010735227989715217,0.017152651514079784,0,0,-0.006000572515753904,-0.026180058189286422,2.5904970579648113e-05,0.43790805023068496,4.909497056707679,0.06739135981116061,-0.030053777529205378,0.0018489952788203353,0.0,0.0,75557949706.51898,4.255987666345885,0.9471597340869372,0.045416524613993585,0.04237358861214544,-0.0029097031156960244,0.003761841448161542,5204715175871.311,24.929478778948557,0.1690760885274951,3.9865224725473407,0.10706175804780918,0.17695222746326997,-0.07854075273033205,-0.042486110319519134,0.43790805023068496,4.909497056707679,-0.030053777529205378,0.0018489952788203353,0.0,0.0,20.2024372203044,1.029599738194174
0,-0.020097831443241128,-0.0015798296289721142,0,0,0.0037994378454388367,0.00496659477395203,0,0,0.0012719659431479496,0.01823838284146834,0,0,-0.01757035954095024,-0.014851617696488425,-0.00033444441071100377,0.2223867635475619,4.472226986458425,0.14026743402343356,-0.09363540301202888,-0.1021159506927849,0.0,0.0,38578939941.04839,1.9157191211600442,0.8468164904463906,0.027863373327888276,0.11172352872464907,0.0011564795131020404,0.030479718756106333,2712484455961.819,24.812799464442694,0.18743464304525087,3.5608932905082846,-0.04001913449159186,0.21031346951694985,0.01483251219041862,-0.07651162973849132,0.2223867635475619,4.472226986458425,-0.09363540301202888,-0.1021159506927849,0.0,0.0,20.955954562665617,0.9354071649428803
0,-0.022244680014598974,-0.0014897930191089465,0,0,0.00019704872614777994,-0.0102268907593789,0,0,0.005551974019072988,0.01661170136524307,0,0,-0.027599605307524182,-0.02832838514373092,-0.0006561757543714004,0.3140530711342525,3.6847615829033695,0.09795188621933526,-0.04808650098053116,-0.05723037055399086,0.0,0.0,63234272487.72946,2.634125899280931,0.9663117865007322,-0.022851518585074667,-0.011319797663670372,0.08223609008216003,-0.1125798925699153,4742657126666.603,24.896001645094948,0.21356626063775833,4.4666789207130435,-0.22103452663516504,-0.07093967021411324,0.01144897610118697,0.01111693958771915,0.3140530711342525,3.6847615829033695,-0.04808650098053116,-0.05723037055399086,0.0,0.0,21.142749699947224,1.0029139297548244
0,-0.02066766640914157,0.0010213886900119753,0,0,0.0035722940302644127,0.0044274882320322105,0,0,-0.015620501089571592,-0.005134731486117203,0,0,-0.0014748712893055647,0.010583608408161388,0.0001613314813815484,0.39698572918402975,3.565603805264916,0.09320926480741819,0.15565949617629518,-0.07749310719835056,0.0,0.0,67869351286.5725,2.4342143405092798,0.6389411651411776,0.05971166142620305,-0.0016116789934927736,0.011024087340236736,-0.022318098829901052,2109629910790.7004,25.191698744797293,0.19143453267982094,3.8932994437119395,0.2047549059903714,0.019524051927770326,-0.1643858282327876,0.012484663976990438,0.39698572918402975,3.565603805264916,0.15565949617629518,-0.07749310719835056,0.0,0.0,20.278859266519238,0.9756050247902565
0,-0.014230388311300078,0.009048990857992588,0,0,0.009866879100985786,-0.014189794803515326,0,0,0.00726002252282875,0.015027046500684434,0,0,-0.011623531733143042,-0.02016785044620717,-0.0006527621855590692,0.2840490424961558,3.3222537078587226,0.13012713693155264,0.019474611472249395,0.011021244586684522,0.0,0.0,47380399192.160576,2.7097809186303325,0.6985676549595036,-0.003255088182780745,0.054621753520932195,-0.024185318975680773,-0.020978184115230596,2584561361222.1587,25.1326831371441,0.1581026382167616,3.3724827583294323,-0.04494509608027424,-0.020281926071517492,0.04304781631828894,0.0487836652215448,0.2840490424961558,3.3222537078587226,0.019474611472249395,0.011021244586684522,0.0,0.0,20.563703835496003,0.857489052657118
0,0.00041512000544802874,-0.0193719146728073,0,0,-0.012385742464160592,-0.003472886378554466,0,0,-0.0036077655192834914,0.007989623965063399,0,0,-0.008362856939429071,-0.030834425016425165,0.00028421869126508373,0.2925745195818927,3.851705037087335,0.12400449588541548,0.03535669448083907,0.062053104316017224,0.0,0.0,50241517960.70986,2.9285554295550154,0.8199459070783595,0.015498752901188321,0.06564789063881546,0.01583411093331845,0.03480761690392523,3127497595510.144,26.742847805091586,0.10357232545170929,4.075668429813811,-0.005651997419443474,0.11210730164316349,0.007425748411052225,-0.07879865100580265,0.2925745195818927,3.851705037087335,0.03535669448083907,0.062053104316017224,0.0,0.0,20.62466444744457,0.9360448704502791
0,-0.005368799249594959,0.002597468520782858,0,0,0.001681266782793315,-0.024146413846938327,0,0,0.022560369990917525,0.0012765500201816274,0,0,-0.026247902457719168,-0.0228254953463371,-0.0007720637250922817,0.2646678132810482,3.6252864780743086,0.12133738534076148,0.0013995205935140053,-0.006052912364319992,0.0,0.0,53602231194.0933,1.8048796947744234,1.1417364413363982,0.011093711210059184,0.008621612333950354,0.015153861705799949,-0.155296719593851,4327317198015.4126,24.864248320182277,0.24782383489545012,3.3189568610494806,0.1339639609925342,-0.19969381757231136,0.022823304746674183,-0.0182424833431281,0.2646678132810482,3.6252864780743086,0.0013995205935140053,-0.006052912364319992,0.0,0.0,21.353971069651635,1.1794690379988775
